,Framework,Category,Issue.ID,Author,Date.Opened,Number.of.Comment.s.,Date.of.first.comment,Date.of.last.time.closed,Time.before.first.comment..in.minutes.,Time.before.issue.last.closed..in.minutes.,Number.of.participants..including.the.author.and.people.who.did.not.comment.on.the.issue.thread.,Number.of.commentators,Commentators..username.alongside.the.number.of.comments.posted.,Issue.labels
1,Pytorch,Matrix computation inefficiency,12006,sundw2014,2018-09-24 9:10,8,2018-09-24 13:45,2019-03-02 4:08,274.9,228658.3833,5,4,"{'SsnL': 1, 'sundw2014': 2, 't-vi': 4, 'vishwakftw': 1}","['mediumpriority(thistagisdeprecated)', 'module:performance']"
2,Pytorch,Matrix computation inefficiency,18862,colesbury,2019-04-04 18:05,3,2019-05-07 9:05,2019-05-20 21:15,46980.11667,66430.66667,4,1,{'skrah': 3},"['highpriority', 'module:memoryusage', 'module:performance', 'small', 'triaged']"
3,Pytorch,Matrix computation inefficiency,21406,nict-wisdom,2019-06-05 9:59,6,2019-06-05 16:50,2019-07-30 5:38,411.1,78938.85,7,6,"{'eellison': 1, 'wanchaol': 1, 'chughtapan': 1, 'nict-wisdom': 1, 'ailzhang': 1, 'apaszke': 1}","['highpriority', 'oncall:jit', 'triaged']"
4,Pytorch,Matrix computation inefficiency,41467,samringer,2020-07-15 10:13,2,2020-07-16 2:52,2020-11-11 3:41,999.1833333,170968.0667,5,2,"{'ezyang': 1, 't-vi': 1}","['module:cuda', 'module:linearalgebra', 'module:performance', 'triaged']"
5,Pytorch,Matrix computation inefficiency,43837,fatvlady,2020-08-29 15:19,15,2020-08-31 14:48,2020-12-03 10:43,2849.566667,137964.7667,6,5,"{'fatvlady': 5, 'fritzo': 4, 'fehiepsi': 2, 'ezyang': 2, 'albanD': 2}","['module:autograd', 'module:performance', 'triaged']"
6,Pytorch,Matrix computation inefficiency,42265,sandeepkumar-skb,2020-07-29 23:53,5,2020-07-30 0:02,2020-09-19 3:49,8.566666667,73675.9,6,4,"{'ptrblck': 1, 'xwang233': 1, 'mkolod': 2, 'vishwakftw': 1}","['module:cuda', 'module:linearalgebra', 'module:performance', 'triaged']"
7,TensorFlow,Matrix computation inefficiency,17246,yaroslavvb,2018-02-24 23:39,27,2018-02-26 19:54,2019-03-07 0:10,2654.733333,540030.8833,9,8,"{'angerson': 1, 'mrry': 1, 'alextp': 3, 'yaroslavvb': 14, 'ekelsen': 2, 'ezhulenev': 3, 'ppwwyyxx': 1, 'jvishnuvardhan': 2}","['comp:runtime', 'type:bug']"
8,Pytorch,Matrix computation inefficiency,10661,fritzo,2018-08-18 22:03,14,2018-08-19 5:18,2019-05-24 15:46,434.05,401382.4833,8,7,"{'fritzo': 3, 't-vi': 6, 'weiyangfb': 1, 'neerajprad': 1, 'alexjc': 1, 'artemru': 1, 'qzhu2017': 1}",['mediumpriority(thistagisdeprecated)']
9,Pytorch,Matrix computation inefficiency,36155,lly-zero-one,2020-04-07 18:33,0,No comments,2020-10-08 17:09,No comments,264876.0333,6,0,{},"['module:convolution', 'module:cpu', 'module:nn', 'module:performance', 'triaged']"
10,Pytorch,Matrix computation inefficiency,43192,tobiasfshr,2020-08-18 8:34,3,2020-10-19 15:54,2020-11-09 23:17,89719.66667,120402.9,5,3,"{'zou3519': 1, 'ngimel': 1, 'tobiasfshr': 1}","['module:autograd', 'module:performance', 'triaged']"
11,Pytorch,Matrix computation inefficiency,17206,t-vi,2019-02-16 21:55,6,2019-02-16 22:44,2019-02-22 6:57,48.71666667,7741.416667,3,3,"{'fehiepsi': 3, 't-vi': 2, 'soumith': 1}",['No labels']
12,Pytorch,Matrix computation inefficiency,34714,jjabo,2020-03-13 13:26,5,2020-03-16 16:35,2020-03-18 0:51,4508.933333,6444.55,4,4,"{'agolynski': 1, 'neerajprad': 2, 'jjabo': 1, 'fritzo': 1}","['module:distributions', 'module:performance', 'triaged']"
13,Pytorch,Memory inefficiency,13243,shhshn,2018-10-29 9:18,4,2018-10-29 14:43,2018-10-30 15:34,325.2333333,1816.05,4,3,"{'ezyang': 1, 'albanD': 2, 'apaszke': 1}",['highpriority']
14,Pytorch,Memory inefficiency,23580,jacobrgardner,2019-07-31 0:34,9,2019-07-31 3:05,2019-08-03 5:36,150.05,4621.333333,4,3,"{'SsnL': 1, 'vishwakftw': 6, 'jacobrgardner': 2}","['module:performance', 'triagereview']"
15,TensorFlow,Memory inefficiency,27692,markste-in,2019-04-09 18:15,10,2019-04-18 21:43,2019-05-26 20:21,13168.76667,67806.68333,7,4,"{'alextp': 4, 'superbobry': 4, 'rsmbyk': 1, 'tensorflow-bot': 1}","['TF2.0', 'comp:ops', 'type:bug']"
16,Pytorch,Memory inefficiency,42371,rotabulo,2020-07-31 16:47,12,2020-08-03 4:51,2020-10-19 18:16,3604.716667,115289.4167,8,5,"{'ngimel': 2, 'gchanan': 1, 'mruberry': 1, 'albanD': 2, 'kurtamohler': 6}","['highpriority', 'module:autograd', 'module:memoryusage', 'module:nn', 'triaged']"
17,Pytorch,Memory inefficiency,45669,kurtamohler,2020-10-01 14:36,0,No comments,2020-10-08 18:00,No comments,10284.15,3,0,{},"['module:linearalgebra', 'module:performance', 'triaged']"
18,Pytorch,Memory inefficiency,5169,ngimel,2018-02-10 2:26,6,2018-02-14 17:56,2018-04-20 15:51,6689.25,100164.8333,4,4,"{'ngimel': 2, 'colesbury': 2, 'csarofeen': 1, 'soumith': 1}","['highpriority', 'module:performance']"
19,Pytorch,Memory inefficiency,5611,dmarnerides,2018-03-07 15:51,2,2018-03-08 1:16,2018-03-15 14:44,565.1666667,11452.9,5,2,"{'SsnL': 1, 'zou3519': 1}",['highpriority']
20,Pytorch,Memory inefficiency,6222,xichangzun,2018-04-03 7:12,1,2018-04-03 15:07,2018-04-03 19:47,475.2666667,755.3333333,2,1,{'zou3519': 1},['No labels']
21,TensorFlow,Memory inefficiency,14572,kwin-wang,2017-11-15 8:25,17,2017-12-01 1:17,2018-08-01 17:53,22612.06667,373527.8833,4,2,"{'tensorflowbutler': 15, 'surry': 2}",['stat:awaitingresponse']
22,TensorFlow,Memory inefficiency,20062,hmorimitsu,2018-06-15 14:45,3,2018-06-15 16:55,2018-06-21 18:55,130.2833333,8890.383333,2,2,"{'allenlavoie': 2, 'hmorimitsu': 1}",['No labels']
23,TensorFlow,Memory inefficiency,20218,qijimrc,2018-06-22 8:39,20,2018-06-22 18:56,2018-08-31 0:31,616.5833333,100312.05,8,6,"{'tensorflowbutler': 1, 'alextp': 2, 'qijimrc': 3, 'allenlavoie': 8, 'LeoLai930603': 5, 'rmanak': 1}",['comp:eager']
24,TensorFlow,Memory inefficiency,2942,ppwwyyxx,2016-06-18 1:17,3,2016-06-18 2:46,2016-06-22 2:33,88.85,5835.733333,5,3,"{'yaroslavvb': 1, 'mrry': 1, 'vrv': 1}",['No labels']
25,TensorFlow,Memory inefficiency,33178,algrmur,2019-10-09 16:14,32,2019-10-10 3:15,2020-01-29 1:07,661.1,160373.7833,18,17,"{'oanush': 2, 'akanyaani': 2, 'algrmur': 3, 'Tetragramm': 5, 'arthurflor23': 3, 'sonfire86': 4, 'astier': 1, 'arnemoos': 1, 'dgrahn': 1, 'uahic': 2, 'johnght': 1, 'kohjingyu': 1, 'goldiegadde': 1, 'qlzh727': 2, 'tensorflow-bot': 1, 'hunter2048': 1, 'Hhessling': 1}","['TF2.0', 'comp:keras', 'stat:awaitingtensorflower', 'type:bug']"
26,Pytorch,Memory inefficiency,1449,ikostrikov,2017-05-02 21:08,1,2017-05-03 16:05,2017-05-03 17:29,1136.766667,1220.666667,2,1,{'ezyang': 1},['No labels']
27,Pytorch,Memory inefficiency,3498,grantsrb,2017-11-06 8:39,0,No comments,2017-11-07 17:47,No comments,1988.033333,3,0,{},['No labels']
28,TensorFlow,Memory inefficiency,11948,riklopfer,2017-08-01 18:52,13,2017-08-02 18:00,2018-02-03 1:35,1387.366667,266802.7333,6,5,"{'shivaniag': 1, 'riklopfer': 6, 'asimshankar': 2, 'tensorflowbutler': 3, 'drpngx': 1}",['type:bug']
29,TensorFlow,Memory inefficiency,14800,orpillar,2017-11-22 16:13,8,2017-11-22 16:42,2017-12-11 1:44,28.4,26491.21667,5,3,"{'carlthome': 2, 'orpillar': 3, 'yongtang': 3}","['stat:contributionswelcome', 'type:bug']"
30,TensorFlow,Memory inefficiency,14800,orpillar,2017-11-22 16:13,8,2017-11-22 16:42,2017-12-11 1:44,28.4,26491.21667,5,3,"{'carlthome': 2, 'orpillar': 3, 'yongtang': 3}","['stat:contributionswelcome', 'type:bug']"
31,TensorFlow,Memory inefficiency,17698,raintung,2018-03-14 3:10,5,2018-04-16 12:31,2018-07-10 22:47,48081.2,171096.95,4,4,"{'raintung': 1, 'tensorflowbutler': 2, 'jart': 1, 'meggamind': 1}","['stat:contributionswelcome', 'type:bug']"
32,TensorFlow,Memory inefficiency,23924,w4-sjcho,2018-11-22 14:45,2,2018-11-22 16:13,2018-11-26 19:11,88.21666667,6026.2,3,2,"{'artsobolev': 1, 'mrry': 1}","['stat:awaitingtensorflower', 'type:bug']"
33,TensorFlow,Memory inefficiency,27288,irvingzhang0512,2019-03-29 13:05,14,2019-04-02 22:49,2019-05-27 6:58,6343.45,84592.71667,7,6,"{'alextp': 4, 'irvingzhang0512': 5, 'jaingaurav': 2, 'XuesongYang': 1, 'pmwaniki': 1, 'tensorflow-bot': 1}","['comp:ops', 'type:bug']"
34,TensorFlow,Memory inefficiency,19385,hmorimitsu,2018-05-18 14:01,5,2018-05-22 0:00,2018-06-12 21:43,4919.233333,36461.88333,3,3,"{'allenlavoie': 3, 'akshaym': 1, 'hmorimitsu': 1}",['No labels']
35,Pytorch,Memory inefficiency,15792,ShigekiKarita,2019-01-07 13:26,5,2019-01-10 2:45,2019-01-10 17:05,3678.9,4538.9,3,3,"{'ShigekiKarita': 3, 'ezyang': 1, 'goldsborough': 1}",['highpriority']
36,Pytorch,Memory inefficiency,1963,zihangdai,2017-07-02 6:07,7,2017-07-07 18:09,2017-07-10 22:46,7921.233333,12518.21667,4,4,"{'zihangdai': 4, 'donglixp': 1, 'colesbury': 1, 'soumith': 1}",['highpriority']
37,Pytorch,Memory inefficiency,24200,valtron,2019-08-12 21:36,2,2019-08-13 9:24,2019-08-28 14:52,708.3,22636.18333,3,2,"{'pietern': 1, 'SsnL': 1}","['highpriority', 'module:internals', 'module:memoryusage', 'module:numpy', 'triaged']"
38,Pytorch,Memory inefficiency,51349,ventusff,2021-01-29 13:08,4,2021-01-30 3:43,2021-02-04 19:57,875.7333333,9049.583333,5,3,"{'khalilsarwari': 1, 'albanD': 2, 'soulitzer': 1}","['module:autograd', 'module:memoryusage', 'triaged']"
39,TensorFlow,Memory inefficiency,19385,hmorimitsu,2018-05-18 14:01,5,2018-05-22 0:00,2018-06-12 21:43,4919.233333,36461.88333,3,3,"{'allenlavoie': 3, 'akshaym': 1, 'hmorimitsu': 1}",['No labels']
40,Pytorch,Memory inefficiency,2287,hongyi-zhang,2017-08-03 22:01,9,2017-08-03 22:17,2017-08-10 18:09,16.86666667,9848.383333,5,5,"{'gchanan': 5, 'hyqneuron': 1, 'pclucas14': 1, 'hongyi-zhang': 1, 'Ossidy': 1}",['No labels']
41,Pytorch,Memory inefficiency,23580,jacobrgardner,2019-07-31 0:34,9,2019-07-31 3:05,2019-08-03 5:36,150.05,4621.333333,4,3,"{'SsnL': 1, 'vishwakftw': 6, 'jacobrgardner': 2}","['module:performance', 'triagereview']"
42,Pytorch,Memory inefficiency,50522,liuyhlinux,2021-01-14 3:40,8,2021-01-14 23:00,2021-01-19 0:39,1160.066667,7019.633333,4,3,"{'pritamdamania87': 5, 'mrshenli': 1, 'liuyhlinux': 2}","['highpriority', 'module:rpc', 'module:tensorpipe', 'oncall:distributed', 'triagereview', 'triaged']"
43,TensorFlow,Memory inefficiency,11273,drasmuss,2017-07-04 14:24,1,No comments,2017-07-06 17:11,No comments,3047.183333,3,1,{'drasmuss': 1},['stat:awaitingtensorflower']
44,TensorFlow,Memory inefficiency,18292,voegtlel,2018-04-06 10:03,7,2018-04-06 22:18,2018-06-30 22:38,734.85,123154.8333,6,6,"{'facaiy': 1, 'voegtlel': 1, 'drpngx': 2, 'zffchen78': 1, 'tensorflowbutler': 1, 'bhack': 1}",['stat:contributionswelcome']
45,TensorFlow,Memory inefficiency,35084,QiJune,2019-12-13 10:10,15,2019-12-16 11:51,2020-07-23 21:31,4421.616667,321801.6167,11,8,"{'ravikyram': 1, 'QiJune': 1, 'jsimsa': 2, 'kkimdev': 2, 'loretoparisi': 3, 'zaccharieramzi': 3, 'amahendrakar': 1, 'tensorflow-butler': 2}","['TF2.0', 'comp:eager', 'type:performance']"
46,TensorFlow,Memory inefficiency,13999,Mahdizade,2017-10-26 14:25,7,2017-10-26 22:01,2017-10-30 23:42,455.8333333,6317.183333,6,5,"{'michaelisard': 1, 'mrry': 2, 'ebrevdo': 2, 'super13': 1, 'oferyo': 1}",['type:bug']
47,TensorFlow,Memory inefficiency,14800,orpillar,2017-11-22 16:13,8,2017-11-22 16:42,2017-12-11 1:44,28.4,26491.21667,5,3,"{'carlthome': 2, 'orpillar': 3, 'yongtang': 3}","['stat:contributionswelcome', 'type:bug']"
48,TensorFlow,Memory inefficiency,14800,orpillar,2017-11-22 16:13,8,2017-11-22 16:42,2017-12-11 1:44,28.4,26491.21667,5,3,"{'carlthome': 2, 'orpillar': 3, 'yongtang': 3}","['stat:contributionswelcome', 'type:bug']"
49,TensorFlow,Memory inefficiency,37515,Tuxius,2020-03-11 20:31,16,2020-03-14 18:06,2020-03-24 1:56,4175.65,17605.43333,11,9,"{'jsimsa': 2, 'Tuxius': 4, 'aaudiber': 1, 'yakhyo': 1, 'wendell-hom': 2, 'lcalle': 1, 'zhangyaochn': 2, 'ybagdasa': 2, 'Zen3515': 1}","['TF2.1', 'comp:data', 'type:performance']"
50,Pytorch,Hardware component communication overhead,44484,robieta,2020-09-10 17:57,5,2020-09-11 4:21,2021-03-10 14:58,623.55,260461.0833,7,4,"{'ezyang': 1, 'ilia-cher': 1, 'gchanan': 1, 'albanD': 2}","['highpriority', 'module:performance', 'module:profiler', 'triaged']"
51,Pytorch,Hardware component communication overhead,45604,tomlifu,2020-09-30 20:51,5,2020-10-02 19:52,2021-01-08 0:17,2820.916667,142766.35,8,5,"{'Lilyjjo': 1, 'Krovatkin': 1, 'bertmaher': 1, 'ZolotukhinM': 1, 'eellison': 1}",['oncall:jit']
52,Pytorch,Hardware component communication overhead,8817,tbenst,2018-06-23 1:19,23,2018-06-24 20:24,2019-09-27 23:59,2585.15,665199.5333,11,7,"{'SsnL': 5, 'ailzhang': 1, 'tbenst': 2, 'fmassa': 3, 'prasunanand': 9, 'ezyang': 1, 'ngimel': 2}","['highpriority', 'module:cuda', 'module:performance', 'triaged']"
53,TensorFlow,Hardware component communication overhead,11411,ahaider3,2017-07-10 15:50,33,2017-07-10 18:31,2018-03-26 20:14,161.5166667,373224.1667,8,8,"{'byronyi': 11, 'ahaider3': 4, 'eamartin': 2, 'jart': 3, 'suiyuan2009': 4, 'futurely': 1, 'littleDing': 1, 'tensorflowbutler': 7}",['type:bug']
54,TensorFlow,Hardware component communication overhead,6256,yaroslavvb,2016-12-11 23:57,18,2016-12-12 0:30,2017-06-20 23:04,32.63333333,274986.7833,5,5,"{'michaelisard': 1, 'mrry': 7, 'shiyemin': 1, 'yaroslavvb': 8, 'skye': 1}",['type:bug']
55,Pytorch,Threading inefficiency,17501,Coolnesss,2019-02-26 14:05,44,2019-02-27 19:34,2020-05-10 18:58,1768.716667,632453.4,12,10,"{'Coolnesss': 9, 'soumith': 1, 't-vi': 7, 'ezyang': 2, 'dangpzanco': 1, 'nikitaved': 15, 'albanD': 1, 'paplhjak': 1, 'ngimel': 6, 'rgommers': 1}","['highpriority', 'module:autograd', 'module:derivatives', 'module:performance', 'triaged']"
56,Pytorch,Threading inefficiency,17501,Coolnesss,2019-02-26 14:05,44,2019-02-27 19:34,2020-05-10 18:58,1768.716667,632453.4,12,10,"{'Coolnesss': 9, 'soumith': 1, 't-vi': 7, 'ezyang': 2, 'dangpzanco': 1, 'nikitaved': 15, 'albanD': 1, 'paplhjak': 1, 'ngimel': 6, 'rgommers': 1}","['highpriority', 'module:autograd', 'module:derivatives', 'module:performance', 'triaged']"
57,Pytorch,Threading inefficiency,9646,mruberry,2018-07-20 18:36,2,2018-07-25 21:28,2018-09-08 17:10,7372.833333,71914.35,2,2,"{'apaszke': 1, 'mruberry': 1}",['No labels']
58,Pytorch,Threading inefficiency,39694,mcarilli,2020-06-09 3:04,1,2020-06-09 3:11,2020-10-29 22:45,7.383333333,205661.4667,3,1,{'SsnL': 1},"['module:cuda', 'module:performance', 'triaged']"
59,Pytorch,Threading inefficiency,36452,gzygzy9211,2020-04-12 8:45,2,2020-04-25 0:26,2020-04-25 0:26,18221.41667,18221.41667,3,2,"{'gzygzy9211': 1, 'xwang233': 1}","['module:performance', 'triaged']"
60,Pytorch,Threading inefficiency,37259,SSS135,2020-04-24 20:12,11,2020-04-26 20:25,2020-05-11 20:26,2893.883333,24494.41667,7,4,"{'ngimel': 2, 'kshitij12345': 1, 'peterbell10': 3, 'ilia-cher': 5}","['hasworkaround', 'highpriority', 'module:multithreading', 'module:performance', 'triaged']"
61,Pytorch,Threading inefficiency,25010,rwightman,2019-08-22 4:41,8,2019-08-22 13:52,2019-08-23 19:42,551.0833333,2341.366667,4,3,"{'rwightman': 4, 'SsnL': 3, 'colesbury': 1}","['module:cpu', 'module:dataloader', 'module:multithreading', 'triaged']"
62,Pytorch,Threading inefficiency,32008,milutter,2020-01-09 21:53,15,2020-01-18 1:02,2020-02-13 22:32,11708.85,50439.05,8,5,"{'emfomenk': 1, 'milutter': 2, 'CaoZhongZ': 4, 'ezyang': 1, 'imaginary-person': 3}","['highpriority', 'module:memoryusage', 'module:performance', 'triaged']"
63,TensorFlow,Threading inefficiency,3470,hholst80,2016-07-22 21:29,13,2016-07-22 22:24,2016-08-12 17:51,55.41666667,30022.48333,5,5,"{'concretevitamin': 1, 'hholst80': 4, 'michaelisard': 1, 'mrry': 6, 'girving': 1}",['No labels']
64,Pytorch,Threading inefficiency,24080,linziyi96,2019-08-09 7:27,7,2019-08-09 14:39,2019-10-04 6:31,432.4333333,80584.36667,5,5,"{'ezyang': 2, 'ilia-cher': 2, 'linziyi96': 1, 'peterbell10': 1, 'soumith': 1}","['highpriority', 'module:multithreading', 'module:openmp', 'triaged']"
65,Pytorch,Threading inefficiency,28198,JianpingChen066,2019-10-17 3:07,1,2019-10-21 17:13,2019-10-31 14:18,6605.816667,20831.25,5,1,{'jerryzh168': 1},"['highpriority', 'triaged']"
66,Pytorch,Threading inefficiency,21537,hrpan,2019-06-07 20:19,13,2019-06-10 15:55,2019-07-16 16:31,4056.016667,55931.45,11,8,"{'zdevito': 3, 'bddppq': 1, 'jgong5': 2, 'houseroad': 2, 'yinghai': 1, 'Jianhui-Li': 1, 'gujinghui': 2, 'uyongw': 1}","['highpriority', 'module:memoryusage', 'module:mkldnn', 'triaged']"
67,Pytorch,Threading inefficiency,23642,alpha0422,2019-08-01 2:38,1,2019-08-01 4:57,2019-08-01 22:26,139.55,1188.566667,4,1,{'soumith': 1},"['module:dataloader', 'module:performance', 'triaged']"
68,Pytorch,Other,82,colesbury,2016-10-01 20:36,0,No comments,2016-10-17 19:15,No comments,22958.18333,2,0,{},['todo']
69,Pytorch,Traditional SE inefficiency,10757,weiyangfb,2018-08-21 23:28,1,No comments,2018-09-07 23:16,No comments,24467.56667,2,1,{'weiyangfb': 1},['todo']
70,Pytorch,Traditional SE inefficiency,36120,skyw,2020-04-07 3:07,2,2020-04-11 18:56,2020-04-15 23:21,6708.8,12733.78333,4,2,"{'rckitson': 1, 'pritamdamania87': 1}","['module:performance', 'module:sparse', 'triaged']"
71,Pytorch,Traditional SE inefficiency,10851,gan-lin,2018-08-24 14:26,0,No comments,2018-08-29 19:27,No comments,7500.383333,2,0,{},['mediumpriority(thistagisdeprecated)']
72,Pytorch,Traditional SE inefficiency,30831,rgommers,2019-12-05 18:41,8,2019-12-05 18:55,2020-01-16 15:13,14.75,60272.13333,4,3,"{'rgommers': 5, 'ngoldbaum': 2, 'mingzhe09088': 1}","['highpriority', 'module:cpu', 'module:performance', 'triaged']"
73,Pytorch,Traditional SE inefficiency,31497,vadimkantorov,2019-12-19 21:13,15,2019-12-19 22:22,2020-01-06 23:21,69.11666667,26048.56667,7,7,"{'ngimel': 1, 'cpuhrsch': 1, 'vadimkantorov': 5, 'OhadRubin': 1, 'ezyang': 3, 'albanD': 3, 'peterbell10': 1}","['highpriority', 'module:autograd', 'module:cuda', 'module:memoryusage', 'triaged']"
74,Pytorch,Traditional SE inefficiency,31690,zplizzi,2019-12-29 16:38,3,2019-12-30 0:56,2020-10-22 20:44,497.5333333,429365.85,4,2,"{'ngimel': 1, 'linjiapro': 2}","['module:cudnn', 'triaged']"
75,Pytorch,Traditional SE inefficiency,32914,realiti4,2020-02-02 10:16,41,2020-02-02 10:32,2020-02-04 20:43,16.08333333,3507.433333,3,2,"{'peterjc123': 23, 'realiti4': 12}","['module:build', 'triaged']"
76,Pytorch,Traditional SE inefficiency,33544,markovka17,2020-02-20 11:35,0,No comments,2020-02-21 23:11,No comments,2136.45,3,0,{},"['module:numpy', 'module:performance', 'module:random', 'triaged']"
77,Pytorch,Traditional SE inefficiency,3824,hudongloop,2017-11-22 1:44,5,2017-11-22 15:26,2018-06-28 0:18,822.3333333,313833.9,5,4,"{'zou3519': 2, 'soumith': 1, 'colesbury': 1, 'li-roy': 1}",['highpriority']
78,Pytorch,Traditional SE inefficiency,3835,apaszke,2017-11-22 13:58,3,2017-12-01 21:55,2018-06-28 0:17,13437.5,313099.15,4,3,"{'soumith': 1, 'dmarnerides': 1, 'li-roy': 1}",['highpriority']
79,Pytorch,Traditional SE inefficiency,3983,andreasrobinson,2017-12-02 20:46,2,2020-06-12 4:39,2020-06-12 4:39,1328153,1328153,2,2,"{'andreasrobinson': 1, 'mruberry': 1}",['No labels']
80,Pytorch,Traditional SE inefficiency,41115,ngimel,2020-07-08 5:18,0,No comments,2020-07-10 16:22,No comments,3544.683333,2,0,{},"['highpriority', 'oncall:quantization', 'triagereview']"
81,Pytorch,Traditional SE inefficiency,41865,estrulyov,2020-07-22 19:55,22,2020-07-23 18:40,2020-08-05 18:53,1365.2,20097.75,7,5,"{'ngimel': 1, 'dskhudia': 3, 'estrulyov': 9, 'ezyang': 1, 'wconstab': 8}","['days', 'highpriority', 'module:internals', 'module:performance', 'oncall:jit', 'oncall:quantization', 'triagereview', 'triaged']"
82,Pytorch,Traditional SE inefficiency,42213,apeguero1,2020-07-29 1:40,10,2020-07-29 11:35,2020-08-12 15:40,595.3833333,21000.1,6,5,"{'mthrok': 3, 'apeguero1': 2, 'mruberry': 1, 'mattip': 2, 'ngimel': 2}","['highpriority', 'module:performance', 'triaged']"
83,Pytorch,Traditional SE inefficiency,43143,albanD,2020-08-17 16:13,9,2020-08-17 17:06,2020-08-21 0:39,53.06666667,4826.733333,5,5,"{'izdeby': 1, 'ezyang': 1, 'malfet': 4, 'anjali411': 1, 'albanD': 2}","['highpriority', 'module:complex']"
84,Pytorch,Traditional SE inefficiency,45968,david-macleod,2020-10-07 12:28,6,2020-10-07 19:00,2020-10-12 23:20,392.2666667,7852.016667,4,4,"{'rohan-varma': 1, 'pritamdamania87': 1, 'david-macleod': 2, 'SciPioneer': 2}","['module:ddp', 'oncall:distributed']"
85,Pytorch,Traditional SE inefficiency,46936,zou3519,2020-10-27 19:32,2,2020-12-30 16:25,2020-12-30 16:25,91972.3,91972.3,3,2,"{'zou3519': 1, 'anjali411': 1}","['module:complex', 'module:performance', 'module:regression', 'triaged']"
86,Pytorch,Traditional SE inefficiency,9168,mrocklin,2018-07-04 15:32,17,2018-07-04 15:47,2018-07-09 22:17,15.31666667,7604.8,4,4,"{'soumith': 5, 'mrocklin': 10, 'zou3519': 1, 'fmassa': 1}",['triagereview']
87,TensorFlow,Traditional SE inefficiency,13693,ftokarev,2017-10-13 16:16,5,2017-10-13 20:11,2017-10-22 5:14,234.9333333,12298.35,4,4,"{'reedwm': 2, 'ftokarev': 1, 'cwhipkey': 1, 'yongtang': 1}",['stat:awaitingtensorflower']
88,TensorFlow,Traditional SE inefficiency,17315,yaroslavvb,2018-02-28 0:26,9,2018-03-03 7:46,2018-06-12 14:03,4760.466667,150577.0333,7,4,"{'tensorflowbutler': 6, 'robertnishihara': 1, 'yaroslavvb': 1, 'ezhulenev': 1}",['No labels']
89,TensorFlow,Traditional SE inefficiency,30165,movinghoon,2019-06-26 8:01,5,2019-06-27 12:22,2019-07-08 9:55,1701.033333,17393.76667,7,4,"{'achandraa': 1, 'alextp': 1, 'superbobry': 2, 'tensorflow-bot': 1}","['TF2.0', 'comp:ops', 'type:bug']"
90,TensorFlow,Traditional SE inefficiency,33376,rggjan,2019-10-15 13:32,5,2019-10-16 6:34,2019-12-17 21:41,1021.85,91209.25,6,4,"{'oanush': 1, 'martinwicke': 2, 'annarev': 1, 'tensorflow-bot': 1}","['TF1.14', 'comp:ops', 'comp:runtime', 'type:bug']"
91,Pytorch,Traditional SE inefficiency,31271,colesbury,2019-12-13 23:00,4,2019-12-14 0:39,2019-12-15 22:01,99.08333333,2821.433333,5,3,"{'zasdfgbnm': 2, 'ezyang': 1, 'mingzhe09088': 1}","['highpriority', 'module:performance', 'triagereview', 'triaged']"
92,Pytorch,Traditional SE inefficiency,13465,anderspapitto,2018-11-01 18:48,0,No comments,2019-03-14 17:12,No comments,191423.95,2,0,{},"['module:build', 'module:windows']"
93,TensorFlow,Traditional SE inefficiency,11829,patrikerdes,2017-07-27 22:21,7,2017-07-31 22:32,2017-09-17 20:38,5771.45,74777.26667,4,3,"{'poxvoculi': 1, 'konstunn': 3, 'drpngx': 3}","['stat:communitysupport', 'type:bug']"
94,Pytorch,Traditional SE inefficiency,48889,Jokeren,2020-12-05 20:13,4,2020-12-07 20:14,2020-12-18 19:31,2881.916667,18678.83333,3,2,"{'ngimel': 2, 'Jokeren': 2}","['module:performance', 'triaged']"
95,Pytorch,Traditional SE inefficiency,5047,MlWoo,2018-02-05 14:31,1,2018-02-05 15:58,2018-02-05 18:58,87.7,267.45,2,1,{'SsnL': 1},['No labels']
96,Pytorch,Traditional SE inefficiency,52264,jansel,2021-02-14 20:51,18,2021-02-16 5:21,2021-02-18 20:02,1950.483333,5711.6,10,6,"{'jansel': 4, 'ZolotukhinM': 4, 'navahgar': 6, 'wconstab': 1, 'Krovatkin': 2, 'bertmaher': 1}","['NNC', 'triaged']"
97,Pytorch,Traditional SE inefficiency,53872,PetrochukM,2021-03-12 3:57,1,2021-03-12 9:18,2021-03-15 15:47,320.5333333,5030.05,3,1,{'t-vi': 1},['oncall:distributed']
98,Pytorch,Traditional SE inefficiency,6863,colesbury,2018-04-23 14:44,8,2018-04-23 14:48,2018-11-28 14:47,3.616666667,315362.4,6,5,"{'gchanan': 2, 'sapjunior': 1, 'fmassa': 3, 'vadimkantorov': 1, 'soumith': 1}",['highpriority']
99,Pytorch,Ineffcient caching,48049,stas00,2020-11-16 21:58,21,2020-11-18 5:02,2021-01-28 17:36,1863.766667,104857.75,9,8,"{'ezyang': 3, 'agolynski': 1, 'mcarilli': 4, 't-vi': 1, 'albanD': 5, 'stas00': 5, 'ptrblck': 1, 'mattip': 1}","['highpriority', 'module:amp(automatedmixedprecision)', 'triaged']"
100,Pytorch,Ineffcient caching,33334,hl475,2020-02-14 5:24,6,2020-02-17 7:41,2020-03-04 20:48,4456.766667,28283.73333,6,3,"{'hl475': 3, 'mingfeima': 2, 'peterbell10': 1}","['highpriority', 'module:performance', 'triaged']"
101,TensorFlow,Ineffcient caching,43187,yuanbopeng,2020-09-13 13:59,5,2020-09-14 5:42,2020-09-28 3:46,943.1666667,20986.5,5,3,"{'Saduf2019': 1, 'yuanbopeng': 3, 'vnvo2409': 1}","['TF1.13', 'comp:runtime', 'stat:awaitingtensorflower', 'type:performance']"
102,TensorFlow,Ineffcient caching,20218,qijimrc,2018-06-22 8:39,20,2018-06-22 18:56,2018-08-31 0:31,616.5833333,100312.05,8,6,"{'tensorflowbutler': 1, 'alextp': 2, 'qijimrc': 3, 'allenlavoie': 8, 'LeoLai930603': 5, 'rmanak': 1}",['comp:eager']
103,Pytorch,Hardware component communication overhead,158,szagoruyko,2016-10-23 16:37,1,2016-10-24 21:17,2016-10-24 21:17,1720.283333,1720.283333,2,1,{'apaszke': 1},['No labels']
104,Pytorch,Inefficient hardware optimization,42890,albanD,2020-08-12 1:14,5,2020-08-12 18:54,2020-11-16 19:36,1059.75,139342.1,5,3,"{'wanchaol': 2, 'albanD': 2, 'pritamdamania87': 1}","['actionable', 'module:autograd', 'triaged']"
105,TensorFlow,Inefficient hardware optimization,32138,dimitree54,2019-09-01 10:30,10,2019-09-03 11:02,2019-09-19 14:58,2912.383333,26188.95,10,7,"{'ravikyram': 1, 'kkimdev': 1, 'jsimsa': 2, 'dimitree54': 2, 'alextp': 1, 'tensorflow-bot': 1, 'mdanatg': 2}","['TF2.0', 'comp:autograph', 'comp:data', 'type:performance']"
106,TensorFlow,Inefficient hardware optimization,41934,edwardyehuang,2020-07-31 12:13,4,2020-07-31 16:56,2020-08-20 20:23,283.0166667,29290.18333,7,4,"{'Saduf2019': 1, 'edwardyehuang': 1, 'zaccharieramzi': 1, 'reedwm': 1}","['TF2.2', 'comp:keras', 'type:performance']"
107,Pytorch,Inefficient hardware optimization,16038,yinghai,2019-01-15 17:41,12,2019-01-15 17:59,2019-07-25 11:55,18.35,274694.2,11,7,"{'ezyang': 3, 'colesbury': 1, 'Jianhui-Li': 4, 'uyongw': 1, 'dzhulgakov': 1, 'jgong5': 1, 'soumith': 1}","['module:cpu', 'module:mkldnn', 'module:performance', 'triaged']"
108,Pytorch,Inefficient hardware optimization,19797,bddppq,2019-04-26 4:46,2,2019-04-30 0:49,2019-04-30 22:02,5523.3,6796.533333,3,2,"{'mingfeima': 1, 'bddppq': 1}","['module:mkldnn', 'module:performance', 'triaged']"
109,Pytorch,Inefficient AI algorithm implementation,11931,bfreskura,2018-09-21 9:49,16,2018-09-21 10:16,2021-01-16 6:03,26.43333333,1220893.483,11,9,"{'t-vi': 4, 'bfreskura': 1, 'Walstruzz': 1, 'cpuhrsch': 1, 'jacobkimmel': 1, 'RobertoLat': 2, 'ngimel': 4, 'ezyang': 1, 'kshitij12345': 1}","['highpriority', 'module:performance', 'todo', 'triaged']"
110,Pytorch,Inefficient AI algorithm implementation,39624,Randl,2020-06-06 9:53,3,2020-06-06 20:39,2020-06-09 6:54,646.6666667,4141.416667,3,3,"{'Randl': 1, 'VitalyFedyunin': 1, 'ngimel': 1}","['module:performance', 'triaged']"
111,Pytorch,Inefficient AI algorithm implementation,7883,Rikorose,2018-05-27 13:35,5,2018-05-27 22:32,2018-07-17 17:56,536.9833333,73700.75,3,3,"{'ezyang': 1, 'SsnL': 3, 'Rikorose': 1}",['No labels']
112,TensorFlow,Inefficient AI algorithm implementation,21787,jiarenyf,2018-08-22 7:22,23,2018-08-22 17:54,2019-03-08 20:29,632.7833333,285907.2833,11,10,"{'jiarenyf': 5, 'shashishekhar': 4, 'jazzystring1': 2, 'jdduke': 6, 'andrehentz': 1, 'filipvg68': 1, 'defaultUser3214': 1, 'doudasek': 1, 'lenaevans': 1, 'stakemura': 1}",['comp:lite']
113,TensorFlow,Inefficient AI algorithm implementation,28685,EFanZh,2019-05-14 1:17,8,2019-05-15 9:24,2019-05-29 18:10,1927.1,22613.2,4,4,"{'muddham': 2, 'EFanZh': 3, 'superbobry': 2, 'tensorflow-bot': 1}","['comp:runtime', 'stat:awaitingtensorflower', 'type:bug']"
114,TensorFlow,Inefficient AI algorithm implementation,7610,undertherain,2017-02-17 6:05,15,2017-02-17 16:43,2018-02-22 19:21,638.7,533595.9833,12,9,"{'yaroslavvb': 1, 'vrv': 1, 'mjanusz': 2, 'urimerhav': 1, 'girving': 1, 'yonidonner': 1, 'mmuneebs': 1, 'tensorflowbutler': 5, 'tatianashp': 2}",['type:bug']
115,TensorFlow,Inefficient AI algorithm implementation,1779,zhangjiajie,2016-04-05 14:00,5,2016-05-30 11:30,2016-07-12 6:35,79050.65,140675.35,5,4,"{'zhangjiajie': 1, 'jihunchoi': 1, 'girving': 1, 'ebrevdo': 2}",['No labels']
116,Pytorch,Inefficient AI algorithm implementation,31975,zasdfgbnm,2020-01-09 1:44,12,2020-04-07 10:17,2020-06-24 22:16,128672.35,241712.1667,3,2,"{'zasdfgbnm': 8, 'pyotr777': 4}","['module:TensorIterator', 'module:cuda', 'module:performance', 'triaged']"
117,Pytorch,C/C++ abstraction,36900,andyljones,2020-04-19 12:50,6,2020-04-20 6:08,2020-05-28 8:33,1037.816667,55902.3,7,3,"{'ngimel': 3, 'vadimkantorov': 2, 'XiaobingSuper': 1}","['highpriority', 'module:performance', 'triaged']"
118,TensorFlow,C/C++ abstraction,10644,penguin1214,2017-06-12 6:07,3,2017-06-13 17:33,2017-09-12 13:06,2126.933333,132899.55,4,3,"{'aselle': 1, 'yongtang': 1, 'tensorflowbutler': 1}",['stat:awaitingresponse']
119,TensorFlow,C/C++ abstraction,40758,philpearl,2020-06-24 11:10,1,2020-07-06 19:00,2020-07-06 19:00,17750.05,17750.01667,4,1,{'tensorflow-butler': 1},"['TF2.2', 'stat:awaitingtensorflower', 'type:bug', 'type:performance']"
120,Pytorch,Traditional SE inefficiency,18359,t-vi,2019-03-22 20:18,1,2019-03-22 21:12,2019-04-02 0:12,54.35,14634.88333,4,1,{'SsnL': 1},['highpriority']
121,Pytorch,Threading inefficiency,43036,pbelevich,2020-08-13 22:51,3,2020-08-14 19:07,2020-08-17 17:35,1215.3,5443.316667,4,2,"{'malfet': 2, 'ezyang': 1}","['csprng', 'highpriority', 'module:build', 'module:cpu', 'module:openmp', 'module:osx', 'triaged']"
122,Pytorch,Unnecessary computation,41359,albanD,2020-07-13 18:35,5,2020-07-15 1:27,2020-08-11 11:28,1852.7,41333.86667,3,2,"{'albanD': 3, 'SsnL': 2}","['actionable', 'module:autograd', 'module:cpp', 'module:performance', 'triaged']"
123,Pytorch,Unnecessary computation,20146,SakodaShintaro,2019-05-06 3:24,2,2019-05-07 15:43,2019-07-18 19:12,2179.15,106068.65,7,2,"{'soumith': 1, 'jerry73204': 1}","['highpriority', 'module:cpp', 'triaged']"
124,Pytorch,Unnecessary computation,7261,mfuntowicz,2018-05-03 20:39,5,2018-05-03 21:26,2018-05-13 3:31,47.3,13372.8,5,4,"{'SsnL': 2, 'crcrpar': 1, 'mfuntowicz': 1, 't-vi': 1}",['highpriority']
125,Pytorch,Unnecessary computation,42890,albanD,2020-08-12 1:14,5,2020-08-12 18:54,2020-11-16 19:36,1059.75,139342.1,5,3,"{'wanchaol': 2, 'albanD': 2, 'pritamdamania87': 1}","['actionable', 'module:autograd', 'triaged']"
126,Pytorch,Unnecessary computation,47313,ngimel,2020-11-03 20:45,4,2020-11-04 14:15,2020-11-20 8:26,1049.25,23740.86667,3,3,"{'RockingJavaBean': 2, 'ivannz': 1, 'ngimel': 1}","['module:linearalgebra', 'triaged']"
127,Pytorch,Inefficiency for certain input data types,16158,ngimel,2019-01-18 17:23,5,2019-01-18 17:32,2019-05-06 19:20,9.05,155637.05,9,5,"{'fmassa': 1, 'bhack': 1, 'ezyang': 1, 'jjsjann123': 1, 'xmnlab': 1}","['highpriority', 'module:nn', 'module:porting', 'module:quansight', 'triaged']"
128,Pytorch,Inefficiency for certain input data types,44206,mmarcinkiewicz,2020-09-04 17:56,17,2020-09-09 18:04,2020-12-03 2:27,7207.75,128671.4833,8,7,"{'ngimel': 2, 'mcarilli': 3, 'mmarcinkiewicz': 1, 'ptrblck': 1, 'CoinCheung': 5, 'xwang233': 3, 'placeforyiming': 2}","['module:performance', 'triaged']"
129,Pytorch,Inefficiency for certain input data types,51206,FabianIsensee,2021-01-27 11:05,13,2021-01-27 15:41,2021-02-23 15:43,275.9833333,39158.38333,4,3,"{'FabianIsensee': 7, 'xwang233': 4, 'ngimel': 2}","['module:amp(automatedmixedprecision)', 'module:interpolation', 'triaged']"
130,TensorFlow,Inefficiency for certain input data types,41715,lgeiger,2020-07-24 22:41,8,2020-07-25 17:10,2020-08-07 21:36,1108.766667,20094.85,5,4,"{'lgeiger': 4, 'dathudeptrai': 1, 'amahendrakar': 1, 'reedwm': 2}","['TF2.2', 'comp:keras', 'type:performance']"
131,TensorFlow,Inefficiency for certain input data types,41934,edwardyehuang,2020-07-31 12:13,4,2020-07-31 16:56,2020-08-20 20:23,283.0166667,29290.18333,7,4,"{'Saduf2019': 1, 'edwardyehuang': 1, 'zaccharieramzi': 1, 'reedwm': 1}","['TF2.2', 'comp:keras', 'type:performance']"
132,TensorFlow,Inefficiency for certain input data types,39649,leeyeetonn,2020-05-18 14:07,2,2020-05-19 7:09,2020-06-19 7:14,1021.65,45666.36667,3,2,"{'ravikyram': 1, 'tensorflow-butler': 1}","['TF2.1', 'TF2.2', 'comp:ops', 'stat:awaitingtensorflower', 'type:bug']"
133,Pytorch,Other,1536,kennysong,2017-05-11 2:40,6,2017-05-11 14:40,2017-05-14 14:27,720,5027.05,4,4,"{'apaszke': 2, 'kennysong': 2, 'soumith': 1, 'rasoolfa': 1}",['No labels']
134,Pytorch,Other,2068,hongzimao,2017-07-12 17:31,2,2017-07-13 5:43,2017-07-13 5:43,731.5166667,731.5166667,2,2,"{'hongzimao': 1, 'soumith': 1}",['No labels']
135,Pytorch,Other,18853,stephenroller,2019-04-04 16:09,24,2019-04-04 18:33,2020-03-24 3:24,144.3666667,510435.4167,12,10,"{'stephenroller': 10, 'colesbury': 1, 'mrshenli': 3, 'zhangguanheng66': 1, 'gchanan': 1, 'Ali2500': 1, 'peterbell10': 4, 'albanD': 1, 'ezyang': 1, 'vadimkantorov': 1}","['hasworkaround', 'highpriority', 'module:autograd', 'module:memoryusage', 'oncall:distributed', 'triaged']"
136,TensorFlow,Other,837,nryant,2016-01-22 1:41,10,2016-01-22 22:37,2017-01-24 2:03,1255.583333,529941.4333,8,6,"{'nryant': 2, 'yaroslavvb': 3, 'girving': 1, 'ebrevdo': 2, 'josh11b': 1, 'drpngx': 1}",['No labels']
137,Pytorch,Other,18405,zasdfgbnm,2019-03-24 17:15,3,2019-03-26 13:51,2019-04-06 14:16,2676.1,18540.7,3,2,"{'zasdfgbnm': 2, 'ptrblck': 1}",['module:performance']
138,Pytorch,Other,28370,albanD,2019-10-21 17:27,4,2019-10-22 22:02,2019-11-01 14:37,1715.816667,15670.31667,3,2,"{'albanD': 2, 'gchanan': 2}","['highpriority', 'module:autograd', 'module:internals', 'module:multithreading', 'module:performance', 'triaged']"
139,Pytorch,Other,33647,raghuramank100,2020-02-22 2:36,4,2020-02-24 1:30,2020-02-26 18:21,2813.733333,6705.1,4,3,"{'ngimel': 2, 'csarofeen': 1, 'raghuramank100': 1}",['oncall:quantization']
140,TensorFlow,Other,40517,henrysky,2020-06-16 17:41,3,2020-06-17 7:15,2020-07-04 23:43,814.5833333,26282.33333,4,2,"{'ravikyram': 1, 'mdanatg': 2}","['TF2.2', 'comp:autograph', 'type:performance']"
141,Pytorch,Other,34964,romanpogodin,2020-03-18 18:02,2,2020-03-20 1:59,2020-05-01 19:07,1917.733333,63424.96667,6,2,"{'ezyang': 1, 'yf225': 1}","['highpriority', 'module:autograd', 'module:memoryusage', 'module:sparse', 'triaged']"
142,TensorFlow,Other,14942,WenmuZhou,2017-11-28 14:01,36,2017-11-28 18:19,2018-02-20 18:40,258.8,121239.0167,10,9,"{'aselle': 1, 'ispirmustafa': 11, 'WenmuZhou': 11, 'rajatmonga': 3, 'derekhh': 3, 'mrry': 1, 'jsimsa': 1, 'tensorflowbutler': 4, 'songgc': 1}",['type:bug']
143,TensorFlow,Other,29506,dbuades,2019-06-06 17:49,18,2019-06-06 18:44,2019-06-14 18:00,55.8,11531.58333,6,6,"{'qlzh727': 9, 'dbuades': 4, 'mr-ubik': 2, 'arthurflor23': 1, 'tensorflow-bot': 1, 'dinhngoc267': 1}","['TF2.0', 'comp:keras', 'type:bug']"
